species,ntype,stimulus,groupID,groupsize,name,age_m,sex,condition,approach_phys,approach_n,approach_alone_n,approach_soc_n,closest_appr_dis,latency_touch,sniffs_n,manipulate_n,explore_n,man_dur,sniff_dur,exp_dur,grid_time,lick,eat,notes
Marmoset,Object,Butterflies,L8,2,Tabor,144,Male,Social,1,4,3,1,0,18.185,7,7,14,61.229,0.033,61.262,165.065,NA,NA,
Marmoset,Object,Butterflies,L8,2,Wuschel,12,Male,Social,1,8,5,3,0,24.091,10,2,12,0.033,0.033,0.066,124.157,NA,NA,
Marmoset,Object,Butterflies,R2,2,Marvin,163.5,Male,Social,1,2,2,0,0,7.174,1,3,4,173.239,0.033,173.272,187.721,NA,NA,
Marmoset,Object,Butterflies,R2,2,Jamaica,59.5,Female,Social,1,4,3,1,0,4.705,6,1,7,0.02,0.033,0.053,72.705,NA,NA,
Marmoset,Object,Butterflies,R3,2,John,163,Male,Social,1,3,1,2,0,33.067,0,3,3,180.614,0,180.614,227.595,NA,NA,
Marmoset,Object,Butterflies,R3,2,Mojita,65.5,Female,Social,0,1,0,1,1,NA,0,0,0,0,0,0,87.321,NA,NA,
Marmoset,Object,Butterflies,M3,2,Werewolf,29.5,Male,Social,1,4,1,3,0,20.421,1,2,3,9.509,0,9.509,48.282,NA,NA,
Marmoset,Object,Butterflies,M3,2,Jambi,59.5,Female,Social,1,3,1,2,0,13.48,6,3,9,8.742,0,8.742,131.831,NA,NA,
Marmoset,Object,Butterflies,H1,2,Wasabi,45.5,Female,Social,1,4,3,1,0,11.945,7,6,13,213.446,0,213.446,213.446,NA,NA,
Marmoset,Object,Butterflies,H1,2,Kapi,218.5,Male,Social,1,3,2,1,0,16.35,4,3,7,157.357,0,157.357,204.904,NA,NA,
Marmoset,Object,Butterflies,H6,2,Vesta,192.5,Female,Social,1,NA,NA,NA,0,19.086,NA,NA,NA,NA,NA,NA,NA,NA,NA,"Video stopped after 2,48 min fell over"
Marmoset,Object,Butterflies,H6,2,Vito,173,Male,Social,1,NA,NA,NA,0,19.72,NA,NA,NA,NA,NA,NA,NA,NA,NA,"Video stopped after 2,48 min fell over"
Marmoset,Object,Butterflies,L4,4,Lola,91,Female,Social,1,2,0,2,0,59.492,4,2,6,3.07,0,3.07,174.874,NA,NA,
Marmoset,Object,Butterflies,L4,4,Lancia,218,Female,Social,1,2,0,2,0,134.268,7,1,8,1.235,0.7,1.935,159.76,NA,NA,
Marmoset,Object,Butterflies,L4,4,Lotus,99.5,Male,Social,1,4,1,3,0,66.333,3,0,3,0,0,0,174.742,NA,NA,
Marmoset,Object,Butterflies,L4,4,Lexus,207,Male,Social,1,3,0,3,1,NA,0,0,0,0,0,0,172.339,NA,NA,
Marmoset,Object,Butterflies,L6,4,Nux,51.5,Female,Social,1,2,1,1,0,14.915,4,2,6,2.736,0.5,3.236,132.966,NA,NA,
Marmoset,Object,Butterflies,L6,4,Lex,171,Male,Social,0,0,0,0,0,NA,0,0,0,0,0,0,0,NA,NA,
Marmoset,Object,Butterflies,L6,4,Nougat,66.5,Female,Social,0,1,0,1,1,NA,0,0,0,0,0,0,29.263,NA,NA,
Marmoset,Object,Butterflies,L6,4,Nox,51.5,Male,Social,1,2,1,1,0,48.982,1,1,2,26.36,0,26.36,66.399,NA,NA,
Marmoset,Object,Butterflies,L5,2,Wolverine,29.5,Male,Social,1,2,2,0,0,36.036,1,1,2,0.033,2.836,2.869,48.582,NA,NA,
Marmoset,Object,Butterflies,L5,2,Washington,86,Female,Social,1,2,1,1,0,4.838,4,3,7,15.149,1.268,16.417,121.621,NA,NA,
Marmoset,Object,Cat mice,L8,2,Tabor,144.5,Male,Social,0,0,0,0,1,NA,0,0,0,0,0,0,0,NA,NA,
Marmoset,Object,Cat mice,L8,2,Wuschel,12.5,Male,Social,1,6,6,0,0,13.18,5,2,7,2.703,4.305,7.008,57.858,NA,NA,
Marmoset,Object,Cat mice,R2,2,Marvin,165,Male,Social,1,2,1,1,1,NA,0,0,0,0,0,0,9.342,NA,NA,
Marmoset,Object,Cat mice,R2,2,Jamaica,60,Female,Social,1,3,3,0,1,NA,0,0,0,0,0,0,17.05,NA,NA,
Marmoset,Object,Cat mice,R3,2,John,163.5,Male,Social,0,0,0,0,1,NA,0,0,0,0,0,0,0,NA,NA,
Marmoset,Object,Cat mice,R3,2,Mojita,66,Female,Social,0,0,0,0,1,NA,0,0,0,0,0,0,0,NA,NA,
Marmoset,Object,Cat mice,M3,2,Werewolf,30,Male,Social,1,4,4,0,1,NA,0,0,0,0,0,0,189.423,NA,NA,
Marmoset,Object,Cat mice,M3,2,Jambi,60,Female,Social,1,3,1,2,1,NA,0,0,0,0,0,0,53.286,NA,NA,
Marmoset,Object,Cat mice,H1,2,Wasabi,46,Female,Social,1,6,6,0,1,NA,0,0,0,0,0,112.246,112.246,NA,NA,
Marmoset,Object,Cat mice,H1,2,Kapi,219,Male,Social,1,1,1,0,1,NA,0,0,0,0,0,0,29.563,NA,NA,
Marmoset,Object,Cat mice,H6,2,Vesta,193,Female,Social,1,7,7,0,1,NA,0,0,0,0,0,0,131.631,NA,NA,
Marmoset,Object,Cat mice,H6,2,Vito,173.5,Male,Social,1,1,0,1,1,NA,0,0,0,0,0,0,24.057,NA,NA,
Marmoset,Object,Cat mice,L4,4,Lola,91.5,Female,Social,1,5,4,1,1,NA,0,0,0,0,0,0,74.574,NA,NA,
Marmoset,Object,Cat mice,L4,4,Lancia,218.5,Female,Social,0,0,0,0,2,NA,0,0,0,0,0,0,0,NA,NA,
Marmoset,Object,Cat mice,L4,4,Lotus,100,Male,Social,1,5,3,2,1,NA,0,0,0,0,0,0,100.2,NA,NA,
Marmoset,Object,Cat mice,L4,4,Lexus,207.5,Male,Social,1,2,1,1,1,NA,0,0,0,0,0,0,62.93,NA,NA,
Marmoset,Object,Cat mice,L6,4,Nux,52,Female,Social,1,1,0,1,1,NA,0,0,0,0,0,0,14.648,NA,NA,
Marmoset,Object,Cat mice,L6,4,Lex,171.5,Male,Social,1,1,0,1,0,9.776,1,0,1,0,0.033,0.033,12.179,NA,NA,
Marmoset,Object,Cat mice,L6,4,Nougat,67,Female,Social,0,0,0,0,2,NA,0,0,0,0,0,0,0,NA,NA,
Marmoset,Object,Cat mice,L6,4,Nox,52,Male,Social,0,0,0,0,2,NA,0,0,0,0,0,0,0,NA,NA,
Marmoset,Object,Cat mice,L5,2,Washington,86.5,Female,Social,1,2,2,0,0,84.918,1,0,1,0,0.033,0.033,101.701,NA,NA,
Marmoset,Object,Cat mice,L5,2,Wolverine,29,Male,Social,1,2,1,1,1,NA,0,0,0,0,0,0,44.044,NA,NA,
Marmoset,Food,Familiar Food,L8,2,Tabor,147.5,Male,Social,1,1,1,0,0,7.341,0,0,0,0,0,0,297.063,1,1,
Marmoset,Food,Familiar Food,L8,2,Wuschel,15.5,Male,Social,1,9,0,9,0,4.938,0,0,0,0,0,0,162.163,1,1,
Marmoset,Food,Familiar Food,R2,2,Marvin,168,Male,Social,1,3,3,0,0,7.407,0,0,0,0,0,0,197.798,1,1,
Marmoset,Food,Familiar Food,R2,2,Jamaica,63,Female,Social,1,4,1,3,0,0.468,0,0,0,0,0,0,32.099,1,1,
Marmoset,Food,Familiar Food,R3,2,John,166.5,Male,Social,1,1,1,0,0,3.003,0,0,0,0,0,0,237.671,1,1,
Marmoset,Food,Familiar Food,R3,2,Mojita,69,Female,Social,1,2,0,2,0,0.801,0,0,0,0,0,0,216.316,1,1,
Marmoset,Food,Familiar Food,M3,2,Werewolf,33,Male,Social,1,2,2,0,0,21.255,0,2,2,4.538,0,4.538,60.026,0,0,
Marmoset,Food,Familiar Food,M3,2,Jambi,63,Female,Social,1,2,1,1,0,3.87,1,1,2,0.033,0.033,0.066,31.932,1,1,
Marmoset,Food,Familiar Food,H1,2,Wasabi,49,Female,Social,1,7,6,1,0,3.77,0,1,1,0.033,0,0.033,163.429,1,1,
Marmoset,Food,Familiar Food,H1,2,Kapi,222,Male,Social,1,4,2,2,0,1.368,0,0,0,0,0,0,311.644,1,1,
Marmoset,Food,Familiar Food,H6,2,Vesta,196,Female,Social,1,1,1,0,0,11.111,0,0,0,1,0.033,1.033,76.41,1,1,
Marmoset,Food,Familiar Food,H6,2,Vito,176.5,Male,Social,1,1,0,1,0,5.973,0,0,0,0,0,0,307.941,1,1,
Marmoset,Food,Familiar Food,L4,3,Lola,94.5,Female,Social,1,2,0,2,0,15.015,0,0,0,0,0,0,48.048,1,1,
Marmoset,Food,Familiar Food,L4,3,Lancia,221.5,Female,Social,1,1,1,0,0,28.162,0,0,0,0,0,0,250.717,1,1,
Marmoset,Food,Familiar Food,L4,2,Lotus,103,Male,Social,1,1,1,0,0,0.3,0,0,0,0,0,0,278.244,1,1,
Marmoset,Food,Familiar Food,L4,3,Lexus,210.5,Male,Social,1,2,0,2,0,19.252,0,0,0,0,0,0,187.087,1,1,
Marmoset,Food,Familiar Food,L6,4,Nux,55,Female,Social,1,3,1,2,0,7.408,0,0,0,0,0,0,222.356,1,1,
Marmoset,Food,Familiar Food,L6,4,Lex,174.5,Male,Social,1,1,0,1,0,0.734,0,0,0,0,0,0,291.958,1,1,
Marmoset,Food,Familiar Food,L6,4,Nougat,70,Female,Social,1,6,0,6,0,2.869,0,0,0,0,0,0,184.418,1,1,
Marmoset,Food,Familiar Food,L6,4,Nox,55,Male,Social,1,4,0,4,0,3.103,0,0,0,0,0,0,73.707,1,1,
Marmoset,Food,Familiar Food,L5,2,Washington,89.5,Female,Social,1,9,1,8,0,2.97,0,0,0,0,0,0,108.075,1,1,
Marmoset,Food,Familiar Food,L5,2,Wolverine,32,Male,Social,1,5,4,1,0,41.809,0,1,1,0,0,0,114.18,1,1,
Marmoset,Food,Familiar Food,L8,2,Tabor,148.5,Male,Individual,1,1,NA,NA,0,5.839,0,1,1,0,0,0,7.841,1,1,
Marmoset,Food,Familiar Food,L8,2,Wuschel,15.5,Male,Individual,1,1,NA,NA,0,6.04,0,1,1,0,0,0,8.041,1,1,
Marmoset,Food,Familiar Food,R2,2,Marvin,169,Male,Individual,1,1,NA,NA,0,1.802,0,1,1,0,0,0,8.175,1,1,
Marmoset,Food,Familiar Food,R2,2,Jamaica,64,Female,Individual,1,1,NA,NA,0,4.004,0,1,1,0,0,0,4.037,0,0,
Marmoset,Food,Familiar Food,R3,2,John,165.5,Male,Individual,0,0,NA,NA,2,NA,0,0,0,0,0,0,0,0,0,
Marmoset,Food,Familiar Food,R3,2,Mojita,70,Female,Individual,0,0,NA,NA,2,NA,0,0,0,0,0,0,0,0,0,
Marmoset,Food,Familiar Food,M3,2,Werewolf,34,Male,Individual,0,0,NA,NA,1,NA,0,0,0,0,0,0,0,0,0,
Marmoset,Food,Familiar Food,M3,2,Jambi,64,Female,Individual,1,1,NA,NA,0,0.1,0,1,1,0,0,0,1.435,1,1,
Marmoset,Food,Familiar Food,H1,2,Wasabi,50,Female,Individual,0,0,NA,NA,2,NA,0,0,0,0,0,0,0,0,0,
Marmoset,Food,Familiar Food,H1,2,Kapi,223,Male,Individual,1,1,NA,NA,0,9.309,0,1,1,0,0,0,12.379,1,1,
Marmoset,Food,Familiar Food,H6,2,Vesta,197,Female,Individual,1,1,NA,NA,0,0.367,0,1,1,0,0,0,2.135,1,1,
Marmoset,Food,Familiar Food,H6,2,Vito,177.5,Male,Individual,1,4,NA,NA,0,20.321,0,0,0,0,0,0,12.579,1,1,
Marmoset,Food,Familiar Food,L4,3,Lola,95.5,Female,Individual,1,1,NA,NA,0,4.905,0,1,1,0,0,0,7.241,1,1,
Marmoset,Food,Familiar Food,L4,3,Lancia,222.5,Female,Individual,1,1,NA,NA,0,17.751,0,1,1,0,0,0,19.62,1,1,
Marmoset,Food,Familiar Food,L4,2,Lotus,104,Male,Individual,1,1,NA,NA,0,4.571,0,1,1,0,0,0,66.633,1,1,
Marmoset,Food,Familiar Food,L4,3,Lexus,211.5,Male,Individual,1,1,NA,NA,0,10.877,0,1,1,0,0,0,14.047,1,1,
Marmoset,Food,Familiar Food,L6,4,Nux,56,Female,Individual,NA,NA,NA,NA,NA,NA,NA,NA,NA,NA,NA,NA,NA,NA,NA,
Marmoset,Food,Familiar Food,L6,4,Lex,175.5,Male,Individual,NA,NA,NA,NA,NA,NA,NA,NA,NA,NA,NA,NA,NA,NA,NA,
Marmoset,Food,Familiar Food,L6,4,Nougat,71,Female,Individual,NA,NA,NA,NA,NA,NA,NA,NA,NA,NA,NA,NA,NA,NA,NA,
Marmoset,Food,Familiar Food,L6,4,Nox,56,Male,Individual,NA,NA,NA,NA,NA,NA,NA,NA,NA,NA,NA,NA,NA,NA,NA,
Marmoset,Food,Familiar Food,L5,2,Washington,90.5,Female,Individual,1,1,NA,NA,0,20.588,0,1,1,0,0,0,24.124,1,1,
Marmoset,Food,Familiar Food,L5,2,Wolverine,33,Male,Individual,1,1,NA,NA,0,5.939,0,1,1,0,0,0,9.71,1,1,
Marmoset,Object,Familiar object,L8,2,Tabor,149,Male,Individual,1,3,NA,NA,0,2.869,3,0,3,0,20.788,20.788,53.12,NA,NA,
Marmoset,Object,Familiar object,L8,2,Wuschel,16,Male,Individual,1,4,NA,NA,0,6.84,4,0,4,0,18.685,18.685,44.713,NA,NA,
Marmoset,Object,Familiar object,R2,2,Marvin,169.5,Male,Individual,0,0,NA,NA,1,NA,0,0,0,0,0,0,0,NA,NA,
Marmoset,Object,Familiar object,R2,2,Jamaica,64.5,Female,Individual,0,0,NA,NA,2,NA,0,0,0,0,0,0,0,NA,NA,
Marmoset,Object,Familiar object,R3,2,John,166,Male,Individual,1,7,NA,NA,0,2.76,10,1,11,0.033,40.2,40.233,76.8,NA,NA,
Marmoset,Object,Familiar object,R3,2,Mojita,70.5,Female,Individual,0,0,NA,NA,2,NA,0,0,0,0,0,0,0,NA,NA,
Marmoset,Object,Familiar object,M3,2,Werewolf,34.5,Male,Individual,0,0,NA,NA,2,NA,0,0,0,0,0,0,0,NA,NA,
Marmoset,Object,Familiar object,M3,2,Jambi,64.5,Female,Individual,0,0,NA,NA,2,NA,0,0,0,0,0,0,0,NA,NA,
Marmoset,Object,Familiar object,H1,2,Wasabi,50.5,Female,Individual,0,0,NA,NA,2,NA,0,0,0,0,0,0,0,NA,NA,
Marmoset,Object,Familiar object,H1,2,Kapi,223.5,Male,Individual,1,4,NA,NA,0,27.44,2,0,2,0,12.24,12.24,46.68,NA,NA,
Marmoset,Object,Familiar object,H6,2,Vesta,197.5,Female,Individual,1,3,NA,NA,0,2.36,5,2,7,0.066,24.4,24.466,44.92,NA,NA,
Marmoset,Object,Familiar object,H6,2,Vito,178,Male,Individual,1,2,NA,NA,0,7.12,4,0,4,0,6.84,6.84,25.92,NA,NA,
Marmoset,Object,Familiar object,L4,3,Lola,96,Female,Individual,1,6,NA,NA,0,1.135,6,0,6,0,35.502,35.502,69.97,NA,NA,
Marmoset,Object,Familiar object,L4,3,Lancia,223,Female,Individual,1,6,NA,NA,0,12.879,8,0,8,0,59.328,59.328,120.887,NA,NA,
Marmoset,Object,Familiar object,L4,2,Lotus,104.5,Male,Individual,1,6,NA,NA,0,2.87,14,5,19,25.359,63.263,88.622,205.072,NA,NA,
Marmoset,Object,Familiar object,L4,3,Lexus,212,Male,Individual,1,2,NA,NA,0,3.337,7,1,8,29.963,29.562,59.525,127.861,NA,NA,
Marmoset,Object,Familiar object,L6,4,Nux,56.5,Female,Individual,1,5,NA,NA,0,3.303,8,1,9,7.508,58.859,66.367,111.178,NA,NA,
Marmoset,Object,Familiar object,L6,4,Lex,176,Male,Individual,1,5,NA,NA,0,3.17,8,0,8,0,33.499,33.499,67.033,NA,NA,
Marmoset,Object,Familiar object,L6,4,Nougat,71.5,Female,Individual,1,5,NA,NA,0,2.903,6,0,6,0,23.657,23.657,66.165,NA,NA,
Marmoset,Object,Familiar object,L6,4,Nox,56.5,Male,Individual,1,2,NA,NA,0,2.603,NA,NA,NA,NA,NA,NA,NA,NA,NA,camera fell over after 2 min 40 sec
Marmoset,Object,Familiar object,L5,2,Washington,91,Female,Individual,1,4,NA,NA,0,4.771,6,3,9,9.343,58.358,67.701,146.012,NA,NA,
Marmoset,Object,Familiar object,L5,2,Wolverine,33.5,Male,Individual,1,7,NA,NA,0,0.967,8,2,10,2.336,34.334,36.67,66.667,NA,NA,
Marmoset,Object,Familiar object,L8,2,Tabor,148.5,Male,Social,1,3,0,3,0,22.656,14,1,15,1.502,101.903,103.405,242.877,NA,NA,
Marmoset,Object,Familiar object,L8,2,Wuschel,15.5,Male,Social,1,7,4,3,0,0.601,23,3,26,0.099,119.653,119.752,219.753,NA,NA,
Marmoset,Object,Familiar object,R2,2,Marvin,169,Male,Social,1,4,3,1,0,2.902,18,5,23,2.002,104.939,106.941,231.331,NA,NA,
Marmoset,Object,Familiar object,R2,2,Jamaica,64,Female,Social,1,6,0,6,0,59.759,9,3,12,0.12,37.138,37.258,106.473,NA,NA,
Marmoset,Object,Familiar object,R3,2,John,165.5,Male,Social,1,3,2,1,0,1.969,8,2,10,0.066,56.956,57.022,90.39,NA,NA,
Marmoset,Object,Familiar object,R3,2,Mojita,70,Female,Social,1,6,4,2,0,4.905,11,3,14,0.099,86.185,86.284,165.032,NA,NA,
Marmoset,Object,Familiar object,M3,2,Werewolf,34,Male,Social,1,5,2,3,0,32.232,14,0,14,0,62.328,62.328,164.932,NA,NA,
Marmoset,Object,Familiar object,M3,2,Jambi,64,Female,Social,1,8,3,5,0,2.336,10,0,10,0,43.011,43.011,116.683,NA,NA,
Marmoset,Object,Familiar object,H1,2,Wasabi,50,Female,Social,1,4,2,2,0,25.392,14,1,15,10.344,70.439,80.783,230.063,NA,NA,
Marmoset,Object,Familiar object,H1,2,Kapi,223,Male,Social,1,3,0,3,0,16.349,15,4,19,0.132,110.745,110.877,248.515,NA,NA,
Marmoset,Object,Familiar object,H6,2,Vesta,197,Female,Social,1,4,3,1,0,6.14,11,0,11,0,69.501,69.501,162.83,NA,NA,
Marmoset,Object,Familiar object,H6,2,Vito,177.5,Male,Social,1,3,2,1,0,21.455,9,0,9,0,108.342,108.342,172.64,NA,NA,
Marmoset,Object,Familiar object,L4,3,Lola,95.5,Female,Social,1,4,0,4,0,35.235,1,1,2,0.033,11.078,11.111,46.98,NA,NA,
Marmoset,Object,Familiar object,L4,3,Lancia,222.5,Female,Social,1,2,0,2,0,6.006,13,1,14,0.033,107.005,107.038,255.989,NA,NA,
Marmoset,Object,Familiar object,L4,2,Lotus,104,Male,Social,1,9,0,9,0,0.934,16,0,16,0,66.1,66.1,200.501,NA,NA,
Marmoset,Object,Familiar object,L4,3,Lexus,211.5,Male,Social,1,4,1,3,0,6.406,11,1,12,0.033,77.577,77.61,191.692,NA,NA,
Marmoset,Object,Familiar object,L6,4,Nux,56,Female,Social,1,5,1,4,0,14.414,13,4,17,0.12,121.755,121.875,203.203,NA,NA,
Marmoset,Object,Familiar object,L6,4,Lex,175.5,Male,Social,1,3,0,3,0,2.937,19,1,20,0.033,101.369,101.402,210.376,NA,NA,
Marmoset,Object,Familiar object,L6,4,Nougat,71,Female,Social,1,6,0,6,0,1.936,11,1,12,0.033,56.124,56.157,146.112,NA,NA,
Marmoset,Object,Familiar object,L6,4,Nox,56,Male,Social,1,5,0,5,0,0.734,9,2,11,0.066,77.678,77.744,148.181,NA,NA,
Marmoset,Object,Familiar object,L5,2,Washington,90.5,Female,Social,1,6,1,5,0,3.27,11,3,14,0.099,76.678,76.777,129.263,NA,NA,
Marmoset,Object,Familiar object,L5,2,Wolverine,33,Male,Social,1,7,5,2,0,1.435,9,0,9,0,45.078,45.078,161.195,NA,NA,
Marmoset,Object,Glas marbles,L8,2,Tabor,143.5,Male,Social,1,8,7,1,0,6.84,9,0,9,0,14.281,14.281,80.78,NA,NA,
Marmoset,Object,Glas marbles,L8,2,Wuschel,11.5,Male,Social,1,11,8,3,0,7.907,16,2,18,1.602,4.171,5.773,97.865,NA,NA,
Marmoset,Object,Glas marbles,R2,2,Marvin,164,Male,Social,1,2,0,2,0,2.97,5,1,6,2.236,1.568,3.804,21.921,NA,NA,
Marmoset,Object,Glas marbles,R2,2,Jamaica,59,Female,Social,1,4,3,1,0,19.019,10,4,14,9.076,3.704,12.78,78.111,NA,NA,
Marmoset,Object,Glas marbles,R3,2,John,162.5,Male,Social,1,3,3,0,0,5.872,9,1,10,2.669,4.004,6.673,106.206,NA,NA,
Marmoset,Object,Glas marbles,R3,2,Mojita,65,Female,Social,1,2,1,1,0,6.239,2,0,2,0,2.002,2.002,19.987,NA,NA,
Marmoset,Object,Glas marbles,L5,3,Werewolf,29,Male,Social,1,1,0,1,0,8.809,5,1,6,3.07,7.541,10.611,38.605,NA,NA,
Marmoset,Object,Glas marbles,M3,2,Jambi,59,Female,Social,1,2,0,2,0,14.448,4,3,7,3.303,2.903,6.206,118.652,NA,NA,
Marmoset,Object,Glas marbles,H1,2,Wasabi,45,Female,Social,1,3,2,1,0,3.571,12,10,22,73.74,2.235,75.975,150.283,NA,NA,
Marmoset,Object,Glas marbles,H1,2,Kapi,218,Male,Social,1,1,1,0,0,0.367,9,1,10,0.033,13.213,13.246,44.578,NA,NA,
Marmoset,Object,Glas marbles,H6,2,Vesta,192,Female,Social,1,1,1,0,0,2.903,4,2,6,4.637,1.968,6.605,18.619,NA,NA,
Marmoset,Object,Glas marbles,H6,2,Vito,172.5,Male,Social,1,4,3,1,0,1.435,9,6,15,18.285,18.819,37.104,107.24,NA,NA,
Marmoset,Object,Glas marbles,L4,4,Lola,90.5,Female,Social,1,3,0,3,0,1.101,14,1,15,5.005,3.304,8.309,94.161,NA,NA,
Marmoset,Object,Glas marbles,L4,4,Lancia,217.5,Female,Social,1,3,0,3,0,36.97,5,1,6,11.945,5.306,17.251,194.627,NA,NA,
Marmoset,Object,Glas marbles,L4,4,Lotus,99,Male,Social,1,3,0,3,0,10.311,5,2,7,20.22,1.868,22.088,149.416,NA,NA,
Marmoset,Object,Glas marbles,L4,4,Lexus,206.5,Male,Social,1,2,0,2,0,13.146,4,1,5,0.968,0,0.968,74.608,NA,NA,
Marmoset,Object,Glas marbles,L6,4,Nux,51,Female,Social,1,7,4,3,0,5.706,14,4,18,7.574,15.416,22.99,147.214,NA,NA,
Marmoset,Object,Glas marbles,L6,4,Lex,170.5,Male,Social,1,3,0,3,0,12.279,9,0,9,0,5.94,5.94,56.824,NA,NA,
Marmoset,Object,Glas marbles,L6,4,Nougat,66,Female,Social,1,4,1,3,0,27.394,12,1,13,0.033,11.21,11.243,92.093,NA,NA,
Marmoset,Object,Glas marbles,L6,4,Nox,51,Male,Social,1,2,0,2,0,17.817,7,0,7,0,5.739,5.739,27.16,NA,NA,
Marmoset,Object,Glas marbles,L5,3,Washington,85.5,Female,Social,1,4,2,2,0,14.248,6,4,10,12.312,7.073,19.385,117.785,NA,NA,
Marmoset,Object,Glas marbles,L6,3,Wolverine,29,Male,Social,1,2,0,2,0,18.419,5,1,6,0.868,5.605,6.473,88.655,NA,NA,
Marmoset,Food,Meatballs,L5,3,Washington,85.5,Female,Social,1,2,2,0,0,7.28,1,0,1,0,0.033,0.033,20.44,1,NA,
Marmoset,Food,Meatballs,L5,3,Werewolf,29,Male,Social,1,2,1,1,0,1.44,3,0,3,0,0.033,0.033,20.2,0,0,
Marmoset,Food,Meatballs,L5,3,Wolverine,29,Male,Social,1,2,1,1,0,4.52,2,0,2,0,0.033,0.033,29.44,1,NA,
Marmoset,Food,Meatballs,L4,4,Lola,90.5,Female,Social,1,1,0,1,0,2.036,2,0,2,0,0.033,0.033,NA,0,0,
Marmoset,Food,Meatballs,L4,4,Lancia,217.5,Female,Social,1,1,0,1,0,14.982,2,0,2,0,0.033,0.033,NA,1,NA,
Marmoset,Food,Meatballs,L4,4,Lotus,99,Male,Social,1,1,0,1,0,12.012,2,0,2,0,1.535,1.535,NA,1,NA,
Marmoset,Food,Meatballs,L4,4,Lexus,206.5,Male,Social,1,1,0,1,0,14.982,1,0,1,0,0,0,NA,1,NA,
Marmoset,Food,Meatballs,L6,4,Nux,51,Female,Social,1,3,1,2,0,0.967,3,0,3,0,1.201,1.201,122.322,0,0,
Marmoset,Food,Meatballs,L6,4,Lex,170.5,Male,Social,1,2,0,2,0,4.738,3,0,3,0,0.534,0.534,39.373,1,1,
Marmoset,Food,Meatballs,L6,4,Nougat,66,Female,Social,1,7,0,7,0,26.66,6,0,6,0,1.902,1.902,146.546,0,0,
Marmoset,Food,Meatballs,L6,4,Nox,51,Male,Social,1,5,1,4,0,6.206,4,0,4,0,0.334,0.334,97.598,0,0,
Marmoset,Food,Meatballs,L8,2,Washington,85.5,Female,Social,1,2,1,1,0,55.789,1,0,1,0,0.033,0.033,83.45,1,1,
Marmoset,Food,Meatballs,L8,2,Wolverine,29,Male,Social,1,7,5,2,0,28.962,8,1,9,0.033,1.968,2.001,101.67,0,0,
Marmoset,Food,Meatballs,R2,2,Marvin,164,Male,Social,1,2,2,0,0,13.781,5,0,5,0,3.002,3.002,48.482,1,1,
Marmoset,Food,Meatballs,R2,2,Jamaica,59,Female,Social,0,0,0,0,1,NA,0,0,0,0,0,0,0,0,0,
Marmoset,Food,Meatballs,R3,2,John,162.5,Male,Social,1,2,2,0,0,2.369,3,0,3,0,0.3,0.3,20.287,1,1,
Marmoset,Food,Meatballs,R3,2,Mojita,65,Female,Social,1,1,1,0,0,24.324,1,0,1,0,0.033,0.033,24.358,0,0,
Marmoset,Food,Meatballs,H1,2,Wasabi,45,Female,Social,1,1,1,0,1,NA,0,0,0,0,0,0,11.945,0,0,
Marmoset,Food,Meatballs,H1,2,Kapi,218,Male,Social,1,3,3,0,0,52.953,4,1,5,0.033,3.603,3.636,51.752,1,1,
Marmoset,Food,Meatballs,H6,2,Vesta,192,Female,Social,1,1,0,1,1,NA,0,0,0,0,0,0,21.588,0,0,
Marmoset,Food,Meatballs,H6,2,Vito,172.5,Male,Social,1,4,4,0,0,10.244,8,4,12,1.902,2.268,4.17,84.852,1,1,
Marmoset,Food,Mozzarella balls,L8,2,Wuschel,13,Male,Individual,0,0,NA,NA,1,NA,0,0,0,0,0,0,0,0,0,
Marmoset,Food,Mozzarella balls,R2,2,Marvin,166,Male,Individual,1,3,NA,NA,0,33.434,2,1,3,1.969,0.934,2.903,35.369,0,0,
Marmoset,Food,Mozzarella balls,R2,2,Jamaica,61,Female,Individual,0,0,NA,NA,2,NA,0,0,0,0,0,0,0,0,0,
Marmoset,Food,Mozzarella balls,R3,2,John,164.5,Male,Individual,0,0,NA,NA,1,NA,0,0,0,0,0,0,0,0,0,
Marmoset,Food,Mozzarella balls,R3,2,Mojita,67,Female,Individual,1,8,NA,NA,0,18.152,2,0,2,0,1.301,1.301,21.324,1,1,
Marmoset,Food,Mozzarella balls,M3,2,Werewolf,31,Male,Individual,0,0,NA,NA,2,NA,0,0,0,0,0,0,0,0,0,
Marmoset,Food,Mozzarella balls,M3,2,Jambi,61,Female,Individual,1,1,NA,NA,0,0.734,1,0,1,0,0.501,0.501,4.838,0,0,
Marmoset,Food,Mozzarella balls,H1,2,Wasabi,47,Female,Individual,1,2,NA,NA,1,NA,0,0,0,0,0,0,15.416,0,0,
Marmoset,Food,Mozzarella balls,H1,2,Kapi,220,Male,Individual,1,1,NA,NA,0,25.826,0,0,0,0,0,0,28.295,1,1,
Marmoset,Food,Mozzarella balls,H6,2,Vesta,194,Female,Individual,1,1,NA,NA,0,4.838,3,0,3,0,1.468,1.468,44.812,0,0,
Marmoset,Food,Mozzarella balls,H6,2,Vito,174.5,Male,Individual,1,4,NA,NA,0,25.959,3,0,3,0,1.602,1.602,76.676,1,1,
Marmoset,Food,Mozzarella balls,L4,4,Lola,92,Female,Individual,0,0,NA,NA,1,NA,0,0,0,0,0,0,0,0,0,
Marmoset,Food,Mozzarella balls,L4,4,Lancia,219,Female,Individual,0,0,NA,NA,1,NA,0,0,0,0,0,0,0,0,0,
Marmoset,Food,Mozzarella balls,L4,4,Lotus,100.5,Male,Individual,1,1,NA,NA,2,NA,0,0,0,0,0,0,1.969,0,0,
Marmoset,Food,Mozzarella balls,L4,4,Lexus,208,Male,Individual,1,1,NA,NA,1,NA,0,0,0,0,0,0,28.562,0,0,
Marmoset,Food,Mozzarella balls,L6,4,Nux,52.5,Female,Individual,0,0,NA,NA,1,NA,0,0,0,0,0,0,0,0,0,
Marmoset,Food,Mozzarella balls,L6,4,Lex,172,Male,Individual,1,3,NA,NA,0,5.339,1,0,1,0,0.5,0.5,10.911,0,0,
Marmoset,Food,Mozzarella balls,L6,4,Nougat,67.5,Female,Individual,0,0,NA,NA,2,NA,0,0,0,0,0,0,0,0,0,
Marmoset,Food,Mozzarella balls,L6,4,Nox,52.5,Male,Individual,0,0,NA,NA,1,NA,0,0,0,0,0,0,0,0,0,
Marmoset,Food,Mozzarella balls,L5,2,Washington,87.5,Female,Individual,1,2,NA,NA,0,7.14,6,0,6,0,2.636,2.636,1,1,,
Marmoset,Food,Mozzarella balls,L5,2,Wolverine,30,Male,Individual,0,0,NA,NA,2,NA,0,0,0,0,0,0,0,0,0,
Marmoset,Food,Mussles,R2,2,Jamaica,61,Female,Individual,1,1,NA,NA,1,NA,0,0,0,0,0,0,6.006,0,0,
Marmoset,Food,Mussles,M3,2,Jambi,61,Female,Individual,1,1,NA,NA,1,NA,0,0,0,0,0,0,10.777,0,0,
Marmoset,Food,Mussles,R3,2,John,164.5,Male,Individual,1,2,NA,NA,0,41.008,3,0,3,0,2.036,2.036,74.208,1,1,
Marmoset,Food,Mussles,H1,2,Kapi,220,Male,Individual,1,1,NA,NA,0,57.491,2,1,3,4.605,2.236,6.841,85.185,1,1,
Marmoset,Food,Mussles,L4,4,Lancia,219.5,Female,Individual,1,3,NA,NA,0,25.492,4,4,8,6.306,2.469,8.775,173.674,1,1,
Marmoset,Food,Mussles,L6,4,Lex,172.5,Male,Individual,1,2,NA,NA,0,4.838,4,1,5,1.602,2.736,4.338,186.853,1,1,
Marmoset,Food,Mussles,L4,4,Lexus,208.5,Male,Individual,1,1,NA,NA,0,111.846,2,1,3,1.301,1.702,3.003,193.393,1,1,
Marmoset,Food,Mussles,L4,4,Lola,92.5,Female,Individual,0,0,NA,NA,1,NA,0,0,0,0,0,0,0,0,0,
Marmoset,Food,Mussles,L4,4,Lotus,101,Male,Individual,1,3,NA,NA,1,NA,0,0,0,0,0,0,16.483,0,0,
Marmoset,Food,Mussles,R2,2,Marvin,166,Male,Individual,1,1,NA,NA,0,3.404,1,0,1,0,0.901,0.901,6.139,0,0,
Marmoset,Food,Mussles,R3,2,Mojita,67,Female,Individual,1,4,NA,NA,0,6.206,1,0,1,0,0.767,0.767,14.148,0,0,
Marmoset,Food,Mussles,L6,4,Nougat,68,Female,Individual,1,1,NA,NA,0,6.072,2,1,3,0.667,1.134,1.801,13.08,0,0,
Marmoset,Food,Mussles,L6,4,Nox,53,Male,Individual,1,1,NA,NA,0,0.234,1,0,1,0,0.601,0.601,4.304,0,0,
Marmoset,Food,Mussles,L6,4,Nux,53,Female,Individual,1,1,NA,NA,0,2.436,1,0,1,0,0.834,0.834,6.106,0,0,
Marmoset,Food,Mussles,L8,2,Tabor,145.5,Male,Individual,1,3,NA,NA,0,105.205,5,2,7,12.246,0.767,13.013,81.248,1,1,
Marmoset,Food,Mussles,H6,2,Vesta,194,Female,Individual,0,0,NA,NA,1,NA,0,0,0,0,0,0,0,0,0,
Marmoset,Food,Mussles,H6,2,Vito,174.5,Male,Individual,1,4,NA,NA,1,NA,0,0,0,0,0,0,21.321,0,0,
Marmoset,Food,Mussles,M3,2,Werewolf,31,Male,Individual,0,0,NA,NA,1,NA,0,0,0,0,0,0,0,0,0,
Marmoset,Food,Mussles,H1,2,Wasabi,47,Female,Individual,1,1,NA,NA,1,NA,0,0,0,0,0,0,16.216,0,0,
Marmoset,Food,Mussles,L5,2,Washington,87.5,Female,Individual,1,2,NA,NA,1,NA,0,0,0,0,0,0,85.386,0,0,
Marmoset,Food,Mussles,L5,2,Wolverine,30,Male,Individual,1,4,NA,NA,0,83.316,2,0,2,0,1.602,1.602,105.338,0,0,
Marmoset,Food,Mussles,L8,2,Wuschel,13.5,Male,Individual,1,1,NA,NA,0,10.31,1,0,1,0,0.734,0.734,12.446,0,0,
Marmoset,Food,Pasta,L8,2,Tabor,144.5,Male,Social,1,1,1,0,1,NA,0,0,0,0,0,0,26.059,0,0,
Marmoset,Food,Pasta,L8,2,Wuschel,12.5,Male,Social,1,2,2,0,0,11.812,4,1,5,0.033,3.604,3.637,50.35,1,0,
Marmoset,Food,Pasta,R2,2,Marvin,165,Male,Social,1,1,1,0,0,0.967,2,0,2,0,1.134,1.134,9.843,1,1,
Marmoset,Food,Pasta,R2,2,Jamaica,60,Female,Social,0,0,0,0,1,NA,0,0,0,0,0,0,0,0,0,
Marmoset,Food,Pasta,R3,2,John,163.5,Male,Social,1,1,1,0,0,3.67,1,1,2,0.033,3.07,3.103,20.654,1,1,
Marmoset,Food,Pasta,R3,2,Mojita,66,Female,Social,1,2,2,0,0,29.563,3,0,3,0,2.703,2.703,37.504,1,1,
Marmoset,Food,Pasta,M3,2,Werewolf,30,Male,Social,1,3,3,0,0,15.182,1,0,1,0,0.667,0.667,114.247,0,0,
Marmoset,Food,Pasta,M3,2,Jambi,60,Female,Social,1,1,0,1,1,NA,0,0,0,0,0,0,45.412,0,0,
Marmoset,Food,Pasta,H1,2,Wasabi,46,Female,Social,1,3,2,1,0,5.573,4,1,5,0.033,1.968,2.001,27.561,0,0,
Marmoset,Food,Pasta,H1,2,Kapi,219,Male,Social,1,1,1,0,0,57.191,1,0,1,0,1.368,1.368,61.261,1,1,
Marmoset,Food,Pasta,H6,2,Vesta,193,Female,Social,1,1,1,0,0,9.843,2,1,3,0.033,0.434,0.467,14.114,1,1,
Marmoset,Food,Pasta,H6,2,Vito,173.5,Male,Social,1,2,2,0,0,7.307,2,1,3,0.033,1.602,1.635,49.25,1,1,
Marmoset,Food,Pasta,L4,4,Lola,91.5,Female,Social,1,1,0,1,0,0.633,3,0,3,0,0.5,0.5,15.582,1,1,
Marmoset,Food,Pasta,L4,4,Lancia,218.5,Female,Social,1,1,1,0,0,26.326,0,1,1,0.025,0,0.025,28.362,1,1,
Marmoset,Food,Pasta,L4,4,Lotus,100,Male,Social,1,1,0,1,0,19.253,4,0,4,0,4.838,4.838,49.95,1,1,
Marmoset,Food,Pasta,L4,4,Lexus,207.5,Male,Social,1,1,0,1,0,19.486,1,0,1,0,0.534,0.534,23.59,1,1,
Marmoset,Food,Pasta,L6,4,Nux,52,Female,Social,1,4,2,2,0,10.077,12,1,13,0.033,14.615,14.648,178.078,1,0,
Marmoset,Food,Pasta,L6,4,Lex,171.5,Male,Social,1,1,1,0,0,10.276,2,0,2,0,1.568,1.568,18.418,1,1,
Marmoset,Food,Pasta,L6,4,Nougat,67,Female,Social,1,3,1,2,0,0.734,2,0,2,0,3.237,3.237,136.336,1,1,
Marmoset,Food,Pasta,L6,4,Nox,52,Male,Social,1,1,0,1,0,2.035,1,0,1,0,2.035,2.035,4.872,1,1,
Marmoset,Food,Pasta,L5,2,Washington,86.5,Female,Social,1,2,0,2,0,11.878,9,0,9,0,2.536,2.536,49.883,1,1,
Marmoset,Food,Pasta,L5,2,Wolverine,29,Male,Social,1,4,3,1,0,249.316,3,0,3,0,1.168,1.168,108.609,0,0,
Marmoset,Object,Plastic larvae,L8,2,Tabor,146,Male,Individual,1,1,NA,NA,1,NA,0,0,0,0,0,0,8.609,NA,NA,
Marmoset,Object,Plastic larvae,L8,2,Wuschel,14.5,Male,Individual,1,2,NA,NA,0,23.791,2,0,2,0,3.07,3.07,44.844,NA,NA,
Marmoset,Object,Plastic larvae,R2,2,Marvin,167,Male,Individual,1,2,NA,NA,0,10.21,2,3,5,154.688,0.934,155.622,34.568,NA,NA,
Marmoset,Object,Plastic larvae,R2,2,Jamaica,62,Female,Individual,0,0,NA,NA,1,NA,0,0,0,0,0,0,0,NA,NA,
Marmoset,Object,Plastic larvae,R3,2,John,165.5,Male,Individual,1,2,NA,NA,0,1.302,1,0,1,0,0.601,0.601,8.609,NA,NA,
Marmoset,Object,Plastic larvae,R3,2,Mojita,68,Female,Individual,1,3,NA,NA,0,2.269,2,0,2,0,0.601,0.601,11.377,NA,NA,
Marmoset,Object,Plastic larvae,M3,2,Werewolf,32,Male,Individual,0,0,NA,NA,2,NA,0,0,0,0,0,0,0,NA,NA,
Marmoset,Object,Plastic larvae,M3,2,Jambi,62,Female,Individual,0,0,NA,NA,1,NA,0,0,0,0,0,0,0,NA,NA,
Marmoset,Object,Plastic larvae,H1,2,Wasabi,48,Female,Individual,1,3,NA,NA,0,2.235,3,2,5,157.324,1.869,159.193,55.59,NA,NA,
Marmoset,Object,Plastic larvae,H1,2,Kapi,221,Male,Individual,1,2,NA,NA,0,89.49,1,3,4,82.116,0.033,82.149,85.986,NA,NA,
Marmoset,Object,Plastic larvae,H6,2,Vesta,195,Female,Individual,0,0,NA,NA,2,NA,0,0,0,0,0,0,0,NA,NA,
Marmoset,Object,Plastic larvae,H6,2,Vito,175.5,Male,Individual,1,3,NA,NA,1,NA,0,0,0,0,0,0,36.903,NA,NA,
Marmoset,Object,Plastic larvae,L4,4,Lola,93.5,Female,Individual,1,1,NA,NA,1,NA,0,0,0,0,0,0,1.835,NA,NA,
Marmoset,Object,Plastic larvae,L4,4,Lancia,220.5,Female,Individual,1,1,NA,NA,0,37.504,1,0,1,0,0.667,0.667,40.407,NA,NA,
Marmoset,Object,Plastic larvae,L4,4,Lotus,102,Male,Individual,1,4,NA,NA,1,NA,0,0,0,0,0,0,22.489,NA,NA,
Marmoset,Object,Plastic larvae,L4,4,Lexus,209.5,Male,Individual,1,1,NA,NA,0,61.161,1,1,2,183.083,3.036,186.119,244.511,NA,NA,
Marmoset,Object,Plastic larvae,L6,4,Nux,54,Female,Individual,1,1,NA,NA,0,22.489,2,1,3,33.3,1.635,34.935,35.502,NA,NA,
Marmoset,Object,Plastic larvae,L6,4,Lex,173.5,Male,Individual,0,0,NA,NA,1,NA,0,0,0,0,0,0,0,NA,NA,
Marmoset,Object,Plastic larvae,L6,4,Nougat,69,Female,Individual,0,0,NA,NA,2,NA,0,0,0,0,0,0,0,NA,NA,
Marmoset,Object,Plastic larvae,L6,4,Nox,54,Male,Individual,1,1,NA,NA,0,11.845,1,0,1,0,1.034,1.034,15.282,NA,NA,
Marmoset,Object,Plastic larvae,L5,2,Washington,88.5,Female,Individual,1,4,NA,NA,0,8.775,3,2,5,53.753,0.066,53.819,44.912,NA,NA,
Marmoset,Object,Plastic larvae,L5,2,Wolverine,32,Male,Individual,0,0,NA,NA,2,NA,0,0,0,0,0,0,0,NA,NA,
Marmoset,Object,Red roses,L8,2,Tabor,144.5,Male,Social,0,0,0,0,2,NA,0,0,0,0,0,0,0,NA,NA,
Marmoset,Object,Red roses,L8,2,Wuschel,12.5,Male,Social,1,1,1,0,1,NA,0,0,0,0,0,0,33.033,NA,NA,
Marmoset,Object,Red roses,R2,2,Marvin,165,Male,Social,1,1,1,0,0,NA,1,0,1,0,2.035,2.035,9.91,NA,NA,
Marmoset,Object,Red roses,R2,2,Jamaica,60,Female,Social,1,1,1,0,1,NA,0,0,0,0,0,0,5.005,NA,NA,
Marmoset,Object,Red roses,R3,2,John,163.5,Male,Social,1,2,2,0,0,13.447,2,0,2,0,1.201,1.201,68.068,NA,NA,
Marmoset,Object,Red roses,R3,2,Mojita,66,Female,Social,1,1,1,0,1,NA,0,0,0,0,0,0,19.319,NA,NA,
Marmoset,Object,Red roses,M3,2,Werewolf,30,Male,Social,1,2,0,2,0,22.556,3,0,3,0,1.368,1.368,98.165,NA,NA,
Marmoset,Object,Red roses,M3,2,Jambi,60,Female,Social,1,2,1,1,0,0.034,1,0,1,0,1.034,1.034,82.883,NA,NA,
Marmoset,Object,Red roses,H1,2,Wasabi,46,Female,Social,1,5,3,2,1,NA,0,0,0,0,0,0,116.016,NA,NA,
Marmoset,Object,Red roses,H1,2,Kapi,219,Male,Social,1,1,1,0,0,62.629,2,0,2,0,4.571,4.571,91.225,NA,NA,
Marmoset,Object,Red roses,H6,2,Vesta,193,Female,Social,1,1,1,0,0,21.856,3,2,5,4.538,3.403,7.941,46.747,NA,NA,
Marmoset,Object,Red roses,H6,2,Vito,173.5,Male,Social,1,2,2,0,0,69.77,1,2,3,2.469,0.033,2.502,53.253,NA,NA,
Marmoset,Object,Red roses,L4,4,Lola,91.5,Female,Social,1,3,0,3,0,19.053,2,0,2,0,0.005,0.005,74.675,NA,NA,
Marmoset,Object,Red roses,L4,4,Lancia,218.5,Female,Social,1,3,2,1,0,29.697,3,1,4,1.201,0.901,2.102,132.266,NA,NA,
Marmoset,Object,Red roses,L4,4,Lotus,100,Male,Social,1,3,0,3,0,75.309,3,1,4,6.106,2.836,8.942,92.793,NA,NA,
Marmoset,Object,Red roses,L4,4,Lexus,207.5,Male,Social,1,3,1,2,0,43.81,2,2,4,0.901,0.033,0.934,232.432,NA,NA,
Marmoset,Object,Red roses,L6,4,Nux,52,Female,Social,1,2,2,0,1,NA,0,0,0,0,0,0,118.185,NA,NA,
Marmoset,Object,Red roses,L6,4,Lex,171.5,Male,Social,1,1,0,1,0,1.535,3,0,3,0,1.935,1.935,49.983,NA,NA,
Marmoset,Object,Red roses,L6,4,Nougat,67,Female,Social,0,0,0,0,1,NA,0,0,0,0,0,0,0,NA,NA,
Marmoset,Object,Red roses,L6,4,Nox,52,Male,Social,0,0,0,0,2,NA,0,0,0,0,0,0,0,NA,NA,
Marmoset,Object,Red roses,L5,2,Washington,86.5,Female,Social,1,3,3,0,0,45.712,2,0,2,0,3.203,3.203,97.631,NA,NA,
Marmoset,Object,Red roses,L5,2,Wolverine,29,Male,Social,1,1,1,0,1,NA,0,0,0,0,0,0,35.502,NA,NA,
Marmoset,Object,Stuffed Bunny,R2,2,Jamaica,60,Female,Individual,0,0,NA,NA,2,NA,0,0,0,0,0,0,0,NA,NA,
Marmoset,Object,Stuffed Bunny,M3,2,Jambi,60,Female,Individual,0,0,NA,NA,2,NA,0,0,0,0,0,0,0,NA,NA,
Marmoset,Object,Stuffed Bunny,R3,2,John,163.5,Male,Individual,1,1,NA,NA,1,NA,0,0,0,0,0,0,8.308,NA,NA,
Marmoset,Object,Stuffed Bunny,H1,2,Kapi,219,Male,Individual,1,2,NA,NA,1,NA,0,0,0,0,0,0,24.258,NA,NA,
Marmoset,Object,Stuffed Bunny,L4,4,Lancia,218.5,Female,Individual,1,2,NA,NA,1,NA,0,0,0,0,0,0,8.175,NA,NA,
Marmoset,Object,Stuffed Bunny,L6,4,Lex,171.5,Male,Individual,1,1,NA,NA,0,3.537,1,0,1,0,1.268,1.268,8.775,NA,NA,
Marmoset,Object,Stuffed Bunny,L4,4,Lexus,207.5,Male,Individual,0,0,NA,NA,1,NA,0,0,0,0,0,0,0,NA,NA,
Marmoset,Object,Stuffed Bunny,L4,4,Lola,91.5,Female,Individual,1,2,NA,NA,1,NA,0,0,0,0,0,0,8.008,NA,NA,
Marmoset,Object,Stuffed Bunny,L4,4,Lotus,100,Male,Individual,1,6,NA,NA,1,0,0,0,0,0,0,0,52.585,NA,NA,
Marmoset,Object,Stuffed Bunny,R2,2,Marvin,165,Male,Individual,0,0,NA,NA,1,NA,0,0,0,0,0,0,0,NA,NA,
Marmoset,Object,Stuffed Bunny,R3,2,Mojita,66,Female,Individual,0,0,NA,NA,2,NA,0,0,0,0,0,0,0,NA,NA,
Marmoset,Object,Stuffed Bunny,L6,4,Nougat,67,Female,Individual,0,0,NA,NA,2,NA,0,0,0,0,0,0,0,NA,NA,
Marmoset,Object,Stuffed Bunny,L6,4,Nox,52,Male,Individual,0,0,NA,NA,1,NA,0,0,0,0,0,0,0,NA,NA,
Marmoset,Object,Stuffed Bunny,L6,4,Nux,52,Female,Individual,1,1,NA,NA,1,NA,0,0,0,0,0,0,11.144,NA,NA,
Marmoset,Object,Stuffed Bunny,L8,2,Tabor,144.5,Male,Individual,1,3,NA,NA,1,NA,0,0,0,0,0,0,48.849,NA,NA,
Marmoset,Object,Stuffed Bunny,H6,2,Vesta,193,Female,Individual,1,4,NA,NA,1,NA,0,0,0,0,0,0,80.046,NA,NA,
Marmoset,Object,Stuffed Bunny,H6,2,Vito,173.5,Male,Individual,1,1,NA,NA,1,NA,0,0,0,0,0,0,17.15,NA,NA,
Marmoset,Object,Stuffed Bunny,M3,2,Werewolf,30,Male,Individual,1,6,NA,NA,1,NA,0,0,0,0,0,0,24.626,NA,NA,
Marmoset,Object,Stuffed Bunny,H1,2,Wasabi,46,Female,Individual,1,7,NA,NA,1,NA,0,0,0,0,0,0,152.753,NA,NA,
Marmoset,Object,Stuffed Bunny,L5,2,Washington,86.5,Female,Individual,0,0,NA,NA,1,NA,0,0,0,0,0,0,0,NA,NA,
Marmoset,Object,Stuffed Bunny,L5,2,Wolverine,29,Male,Individual,0,0,NA,NA,2,NA,0,0,0,0,0,0,0,NA,NA,
Marmoset,Object,Stuffed Bunny,L8,2,Wuschel,12.5,Male,Individual,0,0,NA,NA,1,NA,0,0,0,0,0,0,0,NA,NA,
Marmoset,Food,Tiger Prawns,H1,2,Wasabi,46,Female,Social,1,7,2,5,0,31.398,1,0,1,0,0.033,0.033,207.908,0,0,
Marmoset,Food,Tiger Prawns,H1,2,Kapi,219,Male,Social,1,1,0,1,0,3.937,17,2,19,30.397,12.912,43.309,239.973,1,1,
Marmoset,Food,Tiger Prawns,L8,2,Tabor,144.5,Male,Social,1,2,1,1,0,146.146,1,0,1,0,0.667,0.667,74.608,0,0,
Marmoset,Food,Tiger Prawns,L8,2,Wuschel,12.5,Male,Social,1,5,3,2,0,50.384,3,0,3,0,1.735,1.735,134.567,0,0,
Marmoset,Food,Tiger Prawns,R2,2,Marvin,165,Male,Social,1,1,1,0,0,0.567,2,0,2,0,0.901,0.901,15.916,0,0,
Marmoset,Food,Tiger Prawns,R2,2,Jamaica,60,Female,Social,0,0,0,0,2,NA,0,0,0,0,0,0,0,0,0,
Marmoset,Food,Tiger Prawns,R3,2,John,163.5,Male,Social,1,2,2,0,0,27.628,4,5,9,18.785,1.702,20.487,142.843,0,0,
Marmoset,Food,Tiger Prawns,R3,2,Mojita,66,Female,Social,1,1,0,1,1,NA,0,0,0,0,0,0,5.372,0,0,
Marmoset,Food,Tiger Prawns,M3,2,Werewolf,30,Male,Social,1,1,0,1,1,NA,0,0,0,0,0,0,31.298,0,0,
Marmoset,Food,Tiger Prawns,M3,2,Jambi,60,Female,Social,1,1,0,1,1,NA,0,0,0,0,0,0,14.615,0,0,
Marmoset,Food,Tiger Prawns,H6,2,Vesta,193,Female,Social,0,0,0,0,1,NA,0,0,0,0,0,0,0,0,0,
Marmoset,Food,Tiger Prawns,H6,2,Vito,173.5,Male,Social,1,1,1,0,0,17.751,1,0,1,0,0.033,0.033,52.419,0,0,
Marmoset,Food,Tiger Prawns,L4,4,Lola,91.5,Female,Social,1,5,1,4,0,16.316,3,4,7,18.485,1.802,20.287,131.565,0,0,
Marmoset,Food,Tiger Prawns,L4,4,Lancia,218.5,Female,Social,1,2,0,2,1,NA,0,0,0,0,0,0,213.046,0,0,
Marmoset,Food,Tiger Prawns,L4,4,Lotus,100,Male,Social,1,2,0,2,0,4.738,3,0,3,0,1.135,1.135,92.325,0,0,
Marmoset,Food,Tiger Prawns,L4,4,Lexus,207.5,Male,Social,1,1,0,1,0,13.814,5,2,7,9.109,2.269,11.378,234.768,1,1,
Marmoset,Food,Tiger Prawns,L6,4,Nux,52,Female,Social,1,2,1,1,0,224.558,1,0,1,0,0.801,0.801,99.566,0,0,
Marmoset,Food,Tiger Prawns,L6,4,Lex,171.5,Male,Social,1,1,1,0,0,6.207,4,0,4,0,3.371,3.371,33.2,1,1,
Marmoset,Food,Tiger Prawns,L6,4,Nougat,67,Female,Social,0,0,0,0,2,NA,0,0,0,0,0,0,0,0,0,
Marmoset,Food,Tiger Prawns,L6,4,Nox,52,Male,Social,0,0,0,0,2,NA,0,0,0,0,0,0,0,0,0,
Marmoset,Food,Tiger Prawns,L5,2,Washington,86.5,Female,Social,1,1,1,0,0,32.733,7,2,9,4.338,5.606,9.944,80.147,1,1,
Marmoset,Food,Tiger Prawns,L5,2,Wolverine,29,Male,Social,1,2,2,1,1,NA,0,0,0,0,0,0,70.704,0,0,
Marmoset,Food,Tofu,L8,2,Tabor,143.5,Male,Social,1,1,0,1,0,5.505,2,0,2,0,0.033,0.033,9.309,1,1,
Marmoset,Food,Tofu,L8,2,Wuschel,11.5,Male,Social,1,7,7,0,0,48.448,3,0,3,0,0,0,50.152,1,0,
Marmoset,Food,Tofu,R2,2,Marvin,164,Male,Social,0,0,0,0,1,NA,0,0,0,0,0,0,0,0,0,
Marmoset,Food,Tofu,R2,2,Jamaica,59,Female,Social,0,0,0,0,1,NA,0,0,0,0,0,0,0,0,0,
Marmoset,Food,Tofu,R3,2,John,162.5,Male,Social,1,3,3,0,0,3.07,3,0,3,0,0.901,0.901,13.18,1,0,
Marmoset,Food,Tofu,R3,2,Mojita,65,Female,Social,1,1,1,0,0,4.071,0,2,2,0.5,0,0.5,11.678,0,0,
Marmoset,Food,Tofu,M3,2,Werewolf,29,Male,Social,1,1,0,1,0,38.472,2,1,3,0.033,3.07,3.103,59.192,0,0,
Marmoset,Food,Tofu,M3,2,Jambi,59,Female,Social,1,3,2,1,0,12.813,4,1,5,6.573,4.237,10.81,76.443,1,1,
Marmoset,Food,Tofu,H1,2,Wasabi,45,Female,Social,1,3,2,1,1,NA,0,0,0,0,0,0,92.526,0,0,
Marmoset,Food,Tofu,H1,2,Kapi,218,Male,Social,1,3,1,2,0,7.874,4,0,4,0,6.506,6.506,133.6,1,0,
Marmoset,Food,Tofu,H6,2,Vesta,192,Female,Social,0,0,0,0,2,NA,0,0,0,0,0,0,0,0,0,
Marmoset,Food,Tofu,H6,2,Vito,172.5,Male,Social,1,3,3,0,0,0.501,3,1,4,0.033,2.736,2.769,66.434,1,0,
Marmoset,Food,Tofu,L4,4,Lola,90.5,Female,Social,1,2,1,1,0,13.58,1,2,3,1.835,0,1.835,304.671,1,1,
Marmoset,Food,Tofu,L4,4,Lancia,217.5,Female,Social,1,1,0,1,0,67.134,0,0,0,0,0,0,266,1,1,stole item socially 
Marmoset,Food,Tofu,L4,4,Lotus,99,Male,Social,1,2,2,0,0,2.236,6,2,8,5.939,3.437,9.376,160.394,1,1,
Marmoset,Food,Tofu,L4,4,Lexus,206.5,Male,Social,1,2,0,2,0,26.16,1,2,3,0,0,0,291.792,1,1,
Marmoset,Food,Tofu,L6,4,Nux,51,Female,Social,1,3,2,1,0,3.871,8,3,11,0.801,4.137,4.938,84.05,0,0,
Marmoset,Food,Tofu,L6,4,Lex,170.5,Male,Social,1,2,2,0,0,5.939,3,0,3,0,1.702,1.702,140.874,1,1,
Marmoset,Food,Tofu,L6,4,Nougat,66,Female,Social,1,2,1,1,0,6.406,3,0,3,0,0.85,0.85,127.694,1,1,
Marmoset,Food,Tofu,L6,4,Nox,51,Male,Social,1,2,0,2,0,3.403,5,0,5,0,2.069,2.069,84.15,1,1,
Marmoset,Food,Tofu,L5,3,Washington,85.5,Female,Social,1,1,0,1,0,1.068,3,0,3,0,6.14,6.14,45.779,1,1,
Marmoset,Food,Tofu,L5,3,Werewolf,29,Male,Social,1,2,1,1,0,6.941,7,1,8,0.033,3.57,3.603,52.419,1,1,
Marmoset,Food,Tofu,L5,3,Wolverine,29,Male,Social,1,1,1,0,0,7.875,1,0,1,0,0.033,0.033,22.322,0,0,
,,,,,,,,,,,,,,,,,,,,,,,,
,,,,,,,,,,,,,,,,,,,,,,,,
,,,,,,,,,,,,,,,,,,,,,,,,
,,,,,,,,,,,,,,,,,,,,,,,,
,,,,,,,,,,,,,,,,,,,,,,,,
,,,,,,,,,,,,,,,,,,,,,,,,
,,,,,,,,,,,,,,,,,,,,,,,,
,,,,,,,,,,,,,,,,,,,,,,,,
,,,,,,,,,,,,,,,,,,,,,,,,
,,,,,,,,,,,,,,,,,,,,,,,,
,,,,,,,,,,,,,,,,,,,,,,,,
,,,,,,,,,,,,,,,,,,,,,,,,
,,,,,,,,,,,,,,,,,,,,,,,,
,,,,,,,,,,,,,,,,,,,,,,,,
,,,,,,,,,,,,,,,,,,,,,,,,
,,,,,,,,,,,,,,,,,,,,,,,,
,,,,,,,,,,,,,,,,,,,,,,,,
,,,,,,,,,,,,,,,,,,,,,,,,
,,,,,,,,,,,,,,,,,,,,,,,,
,,,,,,,,,,,,,,,,,,,,,,,,
,,,,,,,,,,,,,,,,,,,,,,,,
,,,,,,,,,,,,,,,,,,,,,,,,
,,,,,,,,,,,,,,,,,,,,,,,,
,,,,,,,,,,,,,,,,,,,,,,,,
,,,,,,,,,,,,,,,,,,,,,,,,
,,,,,,,,,,,,,,,,,,,,,,,,
,,,,,,,,,,,,,,,,,,,,,,,,
,,,,,,,,,,,,,,,,,,,,,,,,
,,,,,,,,,,,,,,,,,,,,,,,,
,,,,,,,,,,,,,,,,,,,,,,,,
,,,,,,,,,,,,,,,,,,,,,,,,
,,,,,,,,,,,,,,,,,,,,,,,,
,,,,,,,,,,,,,,,,,,,,,,,,
,,,,,,,,,,,,,,,,,,,,,,,,
,,,,,,,,,,,,,,,,,,,,,,,,
,,,,,,,,,,,,,,,,,,,,,,,,
,,,,,,,,,,,,,,,,,,,,,,,,
,,,,,,,,,,,,,,,,,,,,,,,,
,,,,,,,,,,,,,,,,,,,,,,,,
,,,,,,,,,,,,,,,,,,,,,,,,
,,,,,,,,,,,,,,,,,,,,,,,,
,,,,,,,,,,,,,,,,,,,,,,,,
,,,,,,,,,,,,,,,,,,,,,,,,
,,,,,,,,,,,,,,,,,,,,,,,,
,,,,,,,,,,,,,,,,,,,,,,,,
,,,,,,,,,,,,,,,,,,,,,,,,
,,,,,,,,,,,,,,,,,,,,,,,,
,,,,,,,,,,,,,,,,,,,,,,,,
,,,,,,,,,,,,,,,,,,,,,,,,
,,,,,,,,,,,,,,,,,,,,,,,,
,,,,,,,,,,,,,,,,,,,,,,,,
,,,,,,,,,,,,,,,,,,,,,,,,
,,,,,,,,,,,,,,,,,,,,,,,,
,,,,,,,,,,,,,,,,,,,,,,,,
,,,,,,,,,,,,,,,,,,,,,,,,
,,,,,,,,,,,,,,,,,,,,,,,,
,,,,,,,,,,,,,,,,,,,,,,,,
,,,,,,,,,,,,,,,,,,,,,,,,
,,,,,,,,,,,,,,,,,,,,,,,,
,,,,,,,,,,,,,,,,,,,,,,,,
,,,,,,,,,,,,,,,,,,,,,,,,
,,,,,,,,,,,,,,,,,,,,,,,,
,,,,,,,,,,,,,,,,,,,,,,,,
,,,,,,,,,,,,,,,,,,,,,,,,
,,,,,,,,,,,,,,,,,,,,,,,,
,,,,,,,,,,,,,,,,,,,,,,,,
,,,,,,,,,,,,,,,,,,,,,,,,
,,,,,,,,,,,,,,,,,,,,,,,,
,,,,,,,,,,,,,,,,,,,,,,,,
,,,,,,,,,,,,,,,,,,,,,,,,
,,,,,,,,,,,,,,,,,,,,,,,,
,,,,,,,,,,,,,,,,,,,,,,,,
,,,,,,,,,,,,,,,,,,,,,,,,
,,,,,,,,,,,,,,,,,,,,,,,,
,,,,,,,,,,,,,,,,,,,,,,,,
,,,,,,,,,,,,,,,,,,,,,,,,
,,,,,,,,,,,,,,,,,,,,,,,,
,,,,,,,,,,,,,,,,,,,,,,,,
,,,,,,,,,,,,,,,,,,,,,,,,
,,,,,,,,,,,,,,,,,,,,,,,,
,,,,,,,,,,,,,,,,,,,,,,,,
,,,,,,,,,,,,,,,,,,,,,,,,
,,,,,,,,,,,,,,,,,,,,,,,,
,,,,,,,,,,,,,,,,,,,,,,,,
,,,,,,,,,,,,,,,,,,,,,,,,
,,,,,,,,,,,,,,,,,,,,,,,,
,,,,,,,,,,,,,,,,,,,,,,,,
,,,,,,,,,,,,,,,,,,,,,,,,
,,,,,,,,,,,,,,,,,,,,,,,,
,,,,,,,,,,,,,,,,,,,,,,,,
,,,,,,,,,,,,,,,,,,,,,,,,
,,,,,,,,,,,,,,,,,,,,,,,,
,,,,,,,,,,,,,,,,,,,,,,,,
,,,,,,,,,,,,,,,,,,,,,,,,
,,,,,,,,,,,,,,,,,,,,,,,,
,,,,,,,,,,,,,,,,,,,,,,,,
,,,,,,,,,,,,,,,,,,,,,,,,
,,,,,,,,,,,,,,,,,,,,,,,,
,,,,,,,,,,,,,,,,,,,,,,,,
,,,,,,,,,,,,,,,,,,,,,,,,
,,,,,,,,,,,,,,,,,,,,,,,,
,,,,,,,,,,,,,,,,,,,,,,,,
,,,,,,,,,,,,,,,,,,,,,,,,
,,,,,,,,,,,,,,,,,,,,,,,,
,,,,,,,,,,,,,,,,,,,,,,,,
,,,,,,,,,,,,,,,,,,,,,,,,
,,,,,,,,,,,,,,,,,,,,,,,,
,,,,,,,,,,,,,,,,,,,,,,,,
,,,,,,,,,,,,,,,,,,,,,,,,
,,,,,,,,,,,,,,,,,,,,,,,,
,,,,,,,,,,,,,,,,,,,,,,,,
,,,,,,,,,,,,,,,,,,,,,,,,
,,,,,,,,,,,,,,,,,,,,,,,,
,,,,,,,,,,,,,,,,,,,,,,,,
,,,,,,,,,,,,,,,,,,,,,,,,
,,,,,,,,,,,,,,,,,,,,,,,,
,,,,,,,,,,,,,,,,,,,,,,,,
,,,,,,,,,,,,,,,,,,,,,,,,
,,,,,,,,,,,,,,,,,,,,,,,,
,,,,,,,,,,,,,,,,,,,,,,,,
,,,,,,,,,,,,,,,,,,,,,,,,
,,,,,,,,,,,,,,,,,,,,,,,,
,,,,,,,,,,,,,,,,,,,,,,,,
,,,,,,,,,,,,,,,,,,,,,,,,
,,,,,,,,,,,,,,,,,,,,,,,,
,,,,,,,,,,,,,,,,,,,,,,,,
,,,,,,,,,,,,,,,,,,,,,,,,
,,,,,,,,,,,,,,,,,,,,,,,,
,,,,,,,,,,,,,,,,,,,,,,,,
,,,,,,,,,,,,,,,,,,,,,,,,
,,,,,,,,,,,,,,,,,,,,,,,,
,,,,,,,,,,,,,,,,,,,,,,,,
,,,,,,,,,,,,,,,,,,,,,,,,
,,,,,,,,,,,,,,,,,,,,,,,,
,,,,,,,,,,,,,,,,,,,,,,,,
,,,,,,,,,,,,,,,,,,,,,,,,
,,,,,,,,,,,,,,,,,,,,,,,,
,,,,,,,,,,,,,,,,,,,,,,,,
,,,,,,,,,,,,,,,,,,,,,,,,
,,,,,,,,,,,,,,,,,,,,,,,,
,,,,,,,,,,,,,,,,,,,,,,,,
,,,,,,,,,,,,,,,,,,,,,,,,
,,,,,,,,,,,,,,,,,,,,,,,,
,,,,,,,,,,,,,,,,,,,,,,,,
,,,,,,,,,,,,,,,,,,,,,,,,
,,,,,,,,,,,,,,,,,,,,,,,,
,,,,,,,,,,,,,,,,,,,,,,,,
,,,,,,,,,,,,,,,,,,,,,,,,
,,,,,,,,,,,,,,,,,,,,,,,,
,,,,,,,,,,,,,,,,,,,,,,,,
,,,,,,,,,,,,,,,,,,,,,,,,
,,,,,,,,,,,,,,,,,,,,,,,,
,,,,,,,,,,,,,,,,,,,,,,,,
,,,,,,,,,,,,,,,,,,,,,,,,
,,,,,,,,,,,,,,,,,,,,,,,,
,,,,,,,,,,,,,,,,,,,,,,,,
,,,,,,,,,,,,,,,,,,,,,,,,
,,,,,,,,,,,,,,,,,,,,,,,,
,,,,,,,,,,,,,,,,,,,,,,,,
,,,,,,,,,,,,,,,,,,,,,,,,
,,,,,,,,,,,,,,,,,,,,,,,,
,,,,,,,,,,,,,,,,,,,,,,,,
,,,,,,,,,,,,,,,,,,,,,,,,
,,,,,,,,,,,,,,,,,,,,,,,,
,,,,,,,,,,,,,,,,,,,,,,,,
,,,,,,,,,,,,,,,,,,,,,,,,
,,,,,,,,,,,,,,,,,,,,,,,,
,,,,,,,,,,,,,,,,,,,,,,,,
,,,,,,,,,,,,,,,,,,,,,,,,
,,,,,,,,,,,,,,,,,,,,,,,,
,,,,,,,,,,,,,,,,,,,,,,,,
,,,,,,,,,,,,,,,,,,,,,,,,
,,,,,,,,,,,,,,,,,,,,,,,,
,,,,,,,,,,,,,,,,,,,,,,,,
,,,,,,,,,,,,,,,,,,,,,,,,
,,,,,,,,,,,,,,,,,,,,,,,,
,,,,,,,,,,,,,,,,,,,,,,,,
,,,,,,,,,,,,,,,,,,,,,,,,
,,,,,,,,,,,,,,,,,,,,,,,,
,,,,,,,,,,,,,,,,,,,,,,,,
,,,,,,,,,,,,,,,,,,,,,,,,
,,,,,,,,,,,,,,,,,,,,,,,,
,,,,,,,,,,,,,,,,,,,,,,,,
,,,,,,,,,,,,,,,,,,,,,,,,
,,,,,,,,,,,,,,,,,,,,,,,,
,,,,,,,,,,,,,,,,,,,,,,,,
,,,,,,,,,,,,,,,,,,,,,,,,
,,,,,,,,,,,,,,,,,,,,,,,,
,,,,,,,,,,,,,,,,,,,,,,,,
,,,,,,,,,,,,,,,,,,,,,,,,
,,,,,,,,,,,,,,,,,,,,,,,,
,,,,,,,,,,,,,,,,,,,,,,,,
,,,,,,,,,,,,,,,,,,,,,,,,
,,,,,,,,,,,,,,,,,,,,,,,,
,,,,,,,,,,,,,,,,,,,,,,,,
,,,,,,,,,,,,,,,,,,,,,,,,
,,,,,,,,,,,,,,,,,,,,,,,,
,,,,,,,,,,,,,,,,,,,,,,,,
,,,,,,,,,,,,,,,,,,,,,,,,
,,,,,,,,,,,,,,,,,,,,,,,,
,,,,,,,,,,,,,,,,,,,,,,,,
,,,,,,,,,,,,,,,,,,,,,,,,
,,,,,,,,,,,,,,,,,,,,,,,,
,,,,,,,,,,,,,,,,,,,,,,,,
,,,,,,,,,,,,,,,,,,,,,,,,
,,,,,,,,,,,,,,,,,,,,,,,,
,,,,,,,,,,,,,,,,,,,,,,,,
,,,,,,,,,,,,,,,,,,,,,,,,
,,,,,,,,,,,,,,,,,,,,,,,,
,,,,,,,,,,,,,,,,,,,,,,,,
,,,,,,,,,,,,,,,,,,,,,,,,
,,,,,,,,,,,,,,,,,,,,,,,,
,,,,,,,,,,,,,,,,,,,,,,,,
,,,,,,,,,,,,,,,,,,,,,,,,
,,,,,,,,,,,,,,,,,,,,,,,,
,,,,,,,,,,,,,,,,,,,,,,,,
,,,,,,,,,,,,,,,,,,,,,,,,
,,,,,,,,,,,,,,,,,,,,,,,,
,,,,,,,,,,,,,,,,,,,,,,,,
,,,,,,,,,,,,,,,,,,,,,,,,
,,,,,,,,,,,,,,,,,,,,,,,,
,,,,,,,,,,,,,,,,,,,,,,,,
,,,,,,,,,,,,,,,,,,,,,,,,
,,,,,,,,,,,,,,,,,,,,,,,,
,,,,,,,,,,,,,,,,,,,,,,,,
,,,,,,,,,,,,,,,,,,,,,,,,
,,,,,,,,,,,,,,,,,,,,,,,,
,,,,,,,,,,,,,,,,,,,,,,,,
,,,,,,,,,,,,,,,,,,,,,,,,
,,,,,,,,,,,,,,,,,,,,,,,,
,,,,,,,,,,,,,,,,,,,,,,,,
,,,,,,,,,,,,,,,,,,,,,,,,
,,,,,,,,,,,,,,,,,,,,,,,,
,,,,,,,,,,,,,,,,,,,,,,,,
,,,,,,,,,,,,,,,,,,,,,,,,
,,,,,,,,,,,,,,,,,,,,,,,,
,,,,,,,,,,,,,,,,,,,,,,,,
,,,,,,,,,,,,,,,,,,,,,,,,
,,,,,,,,,,,,,,,,,,,,,,,,
,,,,,,,,,,,,,,,,,,,,,,,,
,,,,,,,,,,,,,,,,,,,,,,,,
,,,,,,,,,,,,,,,,,,,,,,,,
,,,,,,,,,,,,,,,,,,,,,,,,
,,,,,,,,,,,,,,,,,,,,,,,,
,,,,,,,,,,,,,,,,,,,,,,,,
,,,,,,,,,,,,,,,,,,,,,,,,
,,,,,,,,,,,,,,,,,,,,,,,,
,,,,,,,,,,,,,,,,,,,,,,,,
,,,,,,,,,,,,,,,,,,,,,,,,
,,,,,,,,,,,,,,,,,,,,,,,,
,,,,,,,,,,,,,,,,,,,,,,,,
,,,,,,,,,,,,,,,,,,,,,,,,
,,,,,,,,,,,,,,,,,,,,,,,,
,,,,,,,,,,,,,,,,,,,,,,,,
,,,,,,,,,,,,,,,,,,,,,,,,
,,,,,,,,,,,,,,,,,,,,,,,,
,,,,,,,,,,,,,,,,,,,,,,,,
,,,,,,,,,,,,,,,,,,,,,,,,
,,,,,,,,,,,,,,,,,,,,,,,,
,,,,,,,,,,,,,,,,,,,,,,,,
,,,,,,,,,,,,,,,,,,,,,,,,
,,,,,,,,,,,,,,,,,,,,,,,,
,,,,,,,,,,,,,,,,,,,,,,,,
,,,,,,,,,,,,,,,,,,,,,,,,
,,,,,,,,,,,,,,,,,,,,,,,,
,,,,,,,,,,,,,,,,,,,,,,,,
,,,,,,,,,,,,,,,,,,,,,,,,
,,,,,,,,,,,,,,,,,,,,,,,,
,,,,,,,,,,,,,,,,,,,,,,,,
,,,,,,,,,,,,,,,,,,,,,,,,
,,,,,,,,,,,,,,,,,,,,,,,,
,,,,,,,,,,,,,,,,,,,,,,,,
,,,,,,,,,,,,,,,,,,,,,,,,
,,,,,,,,,,,,,,,,,,,,,,,,
,,,,,,,,,,,,,,,,,,,,,,,,
,,,,,,,,,,,,,,,,,,,,,,,,
,,,,,,,,,,,,,,,,,,,,,,,,
,,,,,,,,,,,,,,,,,,,,,,,,
,,,,,,,,,,,,,,,,,,,,,,,,
,,,,,,,,,,,,,,,,,,,,,,,,
,,,,,,,,,,,,,,,,,,,,,,,,
,,,,,,,,,,,,,,,,,,,,,,,,
,,,,,,,,,,,,,,,,,,,,,,,,
,,,,,,,,,,,,,,,,,,,,,,,,
,,,,,,,,,,,,,,,,,,,,,,,,
,,,,,,,,,,,,,,,,,,,,,,,,
,,,,,,,,,,,,,,,,,,,,,,,,
,,,,,,,,,,,,,,,,,,,,,,,,
,,,,,,,,,,,,,,,,,,,,,,,,
,,,,,,,,,,,,,,,,,,,,,,,,
,,,,,,,,,,,,,,,,,,,,,,,,
,,,,,,,,,,,,,,,,,,,,,,,,
,,,,,,,,,,,,,,,,,,,,,,,,
,,,,,,,,,,,,,,,,,,,,,,,,
,,,,,,,,,,,,,,,,,,,,,,,,
,,,,,,,,,,,,,,,,,,,,,,,,
,,,,,,,,,,,,,,,,,,,,,,,,
,,,,,,,,,,,,,,,,,,,,,,,,
,,,,,,,,,,,,,,,,,,,,,,,,
,,,,,,,,,,,,,,,,,,,,,,,,
,,,,,,,,,,,,,,,,,,,,,,,,
,,,,,,,,,,,,,,,,,,,,,,,,
,,,,,,,,,,,,,,,,,,,,,,,,
,,,,,,,,,,,,,,,,,,,,,,,,
,,,,,,,,,,,,,,,,,,,,,,,,
,,,,,,,,,,,,,,,,,,,,,,,,
,,,,,,,,,,,,,,,,,,,,,,,,
,,,,,,,,,,,,,,,,,,,,,,,,
,,,,,,,,,,,,,,,,,,,,,,,,
,,,,,,,,,,,,,,,,,,,,,,,,
,,,,,,,,,,,,,,,,,,,,,,,,
,,,,,,,,,,,,,,,,,,,,,,,,
,,,,,,,,,,,,,,,,,,,,,,,,
,,,,,,,,,,,,,,,,,,,,,,,,
,,,,,,,,,,,,,,,,,,,,,,,,
,,,,,,,,,,,,,,,,,,,,,,,,
,,,,,,,,,,,,,,,,,,,,,,,,
,,,,,,,,,,,,,,,,,,,,,,,,
,,,,,,,,,,,,,,,,,,,,,,,,
,,,,,,,,,,,,,,,,,,,,,,,,
,,,,,,,,,,,,,,,,,,,,,,,,
,,,,,,,,,,,,,,,,,,,,,,,,
,,,,,,,,,,,,,,,,,,,,,,,,
,,,,,,,,,,,,,,,,,,,,,,,,
,,,,,,,,,,,,,,,,,,,,,,,,
,,,,,,,,,,,,,,,,,,,,,,,,
,,,,,,,,,,,,,,,,,,,,,,,,
,,,,,,,,,,,,,,,,,,,,,,,,
,,,,,,,,,,,,,,,,,,,,,,,,
,,,,,,,,,,,,,,,,,,,,,,,,
,,,,,,,,,,,,,,,,,,,,,,,,
,,,,,,,,,,,,,,,,,,,,,,,,
,,,,,,,,,,,,,,,,,,,,,,,,
,,,,,,,,,,,,,,,,,,,,,,,,
,,,,,,,,,,,,,,,,,,,,,,,,
,,,,,,,,,,,,,,,,,,,,,,,,
,,,,,,,,,,,,,,,,,,,,,,,,
,,,,,,,,,,,,,,,,,,,,,,,,
,,,,,,,,,,,,,,,,,,,,,,,,
,,,,,,,,,,,,,,,,,,,,,,,,
,,,,,,,,,,,,,,,,,,,,,,,,
,,,,,,,,,,,,,,,,,,,,,,,,
,,,,,,,,,,,,,,,,,,,,,,,,
,,,,,,,,,,,,,,,,,,,,,,,,
,,,,,,,,,,,,,,,,,,,,,,,,
,,,,,,,,,,,,,,,,,,,,,,,,
,,,,,,,,,,,,,,,,,,,,,,,,
,,,,,,,,,,,,,,,,,,,,,,,,
,,,,,,,,,,,,,,,,,,,,,,,,
,,,,,,,,,,,,,,,,,,,,,,,,
,,,,,,,,,,,,,,,,,,,,,,,,
,,,,,,,,,,,,,,,,,,,,,,,,
,,,,,,,,,,,,,,,,,,,,,,,,
,,,,,,,,,,,,,,,,,,,,,,,,
,,,,,,,,,,,,,,,,,,,,,,,,
,,,,,,,,,,,,,,,,,,,,,,,,
,,,,,,,,,,,,,,,,,,,,,,,,
,,,,,,,,,,,,,,,,,,,,,,,,
,,,,,,,,,,,,,,,,,,,,,,,,
,,,,,,,,,,,,,,,,,,,,,,,,
,,,,,,,,,,,,,,,,,,,,,,,,
,,,,,,,,,,,,,,,,,,,,,,,,
,,,,,,,,,,,,,,,,,,,,,,,,
,,,,,,,,,,,,,,,,,,,,,,,,
,,,,,,,,,,,,,,,,,,,,,,,,
,,,,,,,,,,,,,,,,,,,,,,,,
,,,,,,,,,,,,,,,,,,,,,,,,
,,,,,,,,,,,,,,,,,,,,,,,,
,,,,,,,,,,,,,,,,,,,,,,,,
,,,,,,,,,,,,,,,,,,,,,,,,
,,,,,,,,,,,,,,,,,,,,,,,,
,,,,,,,,,,,,,,,,,,,,,,,,
,,,,,,,,,,,,,,,,,,,,,,,,
,,,,,,,,,,,,,,,,,,,,,,,,
,,,,,,,,,,,,,,,,,,,,,,,,
,,,,,,,,,,,,,,,,,,,,,,,,
,,,,,,,,,,,,,,,,,,,,,,,,
,,,,,,,,,,,,,,,,,,,,,,,,
,,,,,,,,,,,,,,,,,,,,,,,,
,,,,,,,,,,,,,,,,,,,,,,,,
,,,,,,,,,,,,,,,,,,,,,,,,
,,,,,,,,,,,,,,,,,,,,,,,,
,,,,,,,,,,,,,,,,,,,,,,,,
,,,,,,,,,,,,,,,,,,,,,,,,
,,,,,,,,,,,,,,,,,,,,,,,,
,,,,,,,,,,,,,,,,,,,,,,,,
,,,,,,,,,,,,,,,,,,,,,,,,
,,,,,,,,,,,,,,,,,,,,,,,,
,,,,,,,,,,,,,,,,,,,,,,,,
,,,,,,,,,,,,,,,,,,,,,,,,
,,,,,,,,,,,,,,,,,,,,,,,,
,,,,,,,,,,,,,,,,,,,,,,,,
,,,,,,,,,,,,,,,,,,,,,,,,
,,,,,,,,,,,,,,,,,,,,,,,,
,,,,,,,,,,,,,,,,,,,,,,,,
,,,,,,,,,,,,,,,,,,,,,,,,
,,,,,,,,,,,,,,,,,,,,,,,,
,,,,,,,,,,,,,,,,,,,,,,,,
,,,,,,,,,,,,,,,,,,,,,,,,
,,,,,,,,,,,,,,,,,,,,,,,,
,,,,,,,,,,,,,,,,,,,,,,,,
,,,,,,,,,,,,,,,,,,,,,,,,
,,,,,,,,,,,,,,,,,,,,,,,,
,,,,,,,,,,,,,,,,,,,,,,,,
,,,,,,,,,,,,,,,,,,,,,,,,
,,,,,,,,,,,,,,,,,,,,,,,,
,,,,,,,,,,,,,,,,,,,,,,,,
,,,,,,,,,,,,,,,,,,,,,,,,
,,,,,,,,,,,,,,,,,,,,,,,,
,,,,,,,,,,,,,,,,,,,,,,,,
,,,,,,,,,,,,,,,,,,,,,,,,
,,,,,,,,,,,,,,,,,,,,,,,,
,,,,,,,,,,,,,,,,,,,,,,,,
,,,,,,,,,,,,,,,,,,,,,,,,
,,,,,,,,,,,,,,,,,,,,,,,,
,,,,,,,,,,,,,,,,,,,,,,,,
,,,,,,,,,,,,,,,,,,,,,,,,
,,,,,,,,,,,,,,,,,,,,,,,,
,,,,,,,,,,,,,,,,,,,,,,,,
,,,,,,,,,,,,,,,,,,,,,,,,
,,,,,,,,,,,,,,,,,,,,,,,,
,,,,,,,,,,,,,,,,,,,,,,,,
,,,,,,,,,,,,,,,,,,,,,,,,
,,,,,,,,,,,,,,,,,,,,,,,,
,,,,,,,,,,,,,,,,,,,,,,,,
,,,,,,,,,,,,,,,,,,,,,,,,
,,,,,,,,,,,,,,,,,,,,,,,,
,,,,,,,,,,,,,,,,,,,,,,,,
,,,,,,,,,,,,,,,,,,,,,,,,
,,,,,,,,,,,,,,,,,,,,,,,,
,,,,,,,,,,,,,,,,,,,,,,,,
,,,,,,,,,,,,,,,,,,,,,,,,
,,,,,,,,,,,,,,,,,,,,,,,,
,,,,,,,,,,,,,,,,,,,,,,,,
,,,,,,,,,,,,,,,,,,,,,,,,
,,,,,,,,,,,,,,,,,,,,,,,,
,,,,,,,,,,,,,,,,,,,,,,,,
,,,,,,,,,,,,,,,,,,,,,,,,
,,,,,,,,,,,,,,,,,,,,,,,,
,,,,,,,,,,,,,,,,,,,,,,,,
,,,,,,,,,,,,,,,,,,,,,,,,
,,,,,,,,,,,,,,,,,,,,,,,,
,,,,,,,,,,,,,,,,,,,,,,,,
,,,,,,,,,,,,,,,,,,,,,,,,
,,,,,,,,,,,,,,,,,,,,,,,,
,,,,,,,,,,,,,,,,,,,,,,,,
,,,,,,,,,,,,,,,,,,,,,,,,
,,,,,,,,,,,,,,,,,,,,,,,,
,,,,,,,,,,,,,,,,,,,,,,,,
,,,,,,,,,,,,,,,,,,,,,,,,
,,,,,,,,,,,,,,,,,,,,,,,,
,,,,,,,,,,,,,,,,,,,,,,,,
,,,,,,,,,,,,,,,,,,,,,,,,
,,,,,,,,,,,,,,,,,,,,,,,,
,,,,,,,,,,,,,,,,,,,,,,,,
,,,,,,,,,,,,,,,,,,,,,,,,
,,,,,,,,,,,,,,,,,,,,,,,,
,,,,,,,,,,,,,,,,,,,,,,,,
,,,,,,,,,,,,,,,,,,,,,,,,
,,,,,,,,,,,,,,,,,,,,,,,,
,,,,,,,,,,,,,,,,,,,,,,,,
,,,,,,,,,,,,,,,,,,,,,,,,
,,,,,,,,,,,,,,,,,,,,,,,,
,,,,,,,,,,,,,,,,,,,,,,,,
,,,,,,,,,,,,,,,,,,,,,,,,
,,,,,,,,,,,,,,,,,,,,,,,,
,,,,,,,,,,,,,,,,,,,,,,,,
,,,,,,,,,,,,,,,,,,,,,,,,
,,,,,,,,,,,,,,,,,,,,,,,,
,,,,,,,,,,,,,,,,,,,,,,,,
,,,,,,,,,,,,,,,,,,,,,,,,
,,,,,,,,,,,,,,,,,,,,,,,,
,,,,,,,,,,,,,,,,,,,,,,,,
,,,,,,,,,,,,,,,,,,,,,,,,
,,,,,,,,,,,,,,,,,,,,,,,,
,,,,,,,,,,,,,,,,,,,,,,,,
,,,,,,,,,,,,,,,,,,,,,,,,
,,,,,,,,,,,,,,,,,,,,,,,,
,,,,,,,,,,,,,,,,,,,,,,,,
,,,,,,,,,,,,,,,,,,,,,,,,
,,,,,,,,,,,,,,,,,,,,,,,,
,,,,,,,,,,,,,,,,,,,,,,,,
,,,,,,,,,,,,,,,,,,,,,,,,
,,,,,,,,,,,,,,,,,,,,,,,,
,,,,,,,,,,,,,,,,,,,,,,,,
,,,,,,,,,,,,,,,,,,,,,,,,